0,5328208385.510416,78629474402.14926,14987504511.999683,38244069370.96033,464242903.41034555,6622749756.2000475
1,1150.6307734179693,934.9006076062271,2365050693.59711,896577609.8770183,97361842.88646825,2593927364.514926
2,222.67213793393276,58.15544995960549,10950.348682149448,896577454.5261347,2565106.6416746425,182842864.63534853
3,156.9074240189378,50.67008068618868,74.93336299160084,211.6436215510252,17530.27409577882,182842864.63534853
4,66.33704649981176,42.04526157322482,68.80003490608166,58.70498354869189,1668.0428638142214,182842864.63534853
5,56.97996268157108,39.203731822302956,56.247324095829335,51.048092082282764,1266.300799336524,52594083.268404365
6,54.102889046354434,34.87258794939909,49.617365524620354,49.04207732994085,1266.300799336524,52594083.268404365
7,52.500179144791296,30.322957183630855,45.96818922933357,47.56799113815979,1266.300799336524,52594083.268404365
8,50.86482718302399,20.025514225084777,42.893616952171044,42.42392128676888,1266.300799336524,48236459.408206806
9,48.24701600318532,17.636707524135907,42.893616952171044,41.277220152271276,313.03542314959907,48236459.408206806
10,47.390428051373966,16.2641543451721,34.92473794995099,36.9844363291251,68.18634111987691,48236459.408206806
11,46.838542210197744,15.610868388246825,33.59855210317175,36.30595545105886,66.00740758156526,7083533.91924531
12,43.66519395346121,14.758309776242385,33.23747370783683,34.070490193041834,62.11819920914125,7083533.91924531
13,40.339367578410005,13.563067956273361,30.006973558069102,31.71051873690817,58.221481086451924,7083533.91924531
14,39.823397055830206,12.829114613939268,27.663344817825628,28.93427498771286,54.56313356065739,7083533.91924531
15,39.49374749055834,10.522689189334013,23.66524754251906,27.91012584239105,53.004726469579566,7083533.91924531
16,38.83432428166656,10.247398080984372,22.920257189155443,25.017661677342282,51.81959474884468,5374745.2148544
17,38.77817231052119,10.13021065373172,21.45961803140034,24.49922976437576,45.86531300835052,5374745.2148544
18,38.725609913291564,10.009619605127739,21.414963089305136,24.413049507415245,42.06301457023202,5374745.2148544
19,38.6008126994994,8.720903525920289,20.066798664508127,23.07407142937263,36.104922291414724,11493.538275278363
20,38.376249486333926,8.090380622637355,18.863620167861257,20.875901408005863,35.38765233967371,11493.538275278363
21,37.994863959653266,7.492386765961227,16.694471129085933,20.846442317342547,28.414278577554587,11489.370264831754
22,37.89368369499776,6.838988406001114,15.649775851224513,18.60909572836187,27.629871333010392,11489.370264831754
23,37.782676936683465,6.121808891203278,15.170041921039054,16.349740375732615,27.629871333010392,11489.370264831754
24,37.67830989429668,6.055121588694047,14.386791381567104,12.637469609859954,27.629871333010392,11483.342223054615
25,37.61536742879893,5.3944710642651374,13.28470770388508,12.618372865387101,26.97509564702735,11483.342223054615
26,37.58392900282106,5.276293459832976,11.246027259457783,12.618372865387101,20.7272986883584,11483.342223054615
27,37.54071398201019,4.5317041114235765,10.611109262170823,12.347630711888737,20.38416393122003,11483.342223054615
28,37.52451552220977,3.3528233596945562,10.22908896282783,11.730782861718886,20.014539210683314,7539.577096850417
29,37.49510188393329,2.7831657683424416,8.56479472882129,11.070012205301934,19.859726752265807,7539.577096850417
30,36.72544078007381,2.5260911873745933,8.191693383953913,11.00117475145635,19.668686992538888,7539.577096850417
31,36.6369215627491,2.312903217342533,7.985422586534355,10.892894451836423,18.58895921685258,7539.577096850417
32,36.19133516231068,2.224411853157522,7.697788522968992,10.8670986674705,18.58895921685258,7539.577096850417
33,36.121637750350885,2.0166235259893392,7.196208976369522,10.85663506787306,17.988879475579534,7452.9327679681255
34,36.1184236248302,1.9265616058888237,7.183375142196487,10.84576282412399,16.71328274719793,7452.9327679681255
35,36.118284807681576,1.5590888598733184,6.946762258729331,10.76774345734608,15.265987519332333,7452.9327679681255
36,36.1182341184255,1.4007420234102708,6.445249372208345,10.112130489016852,12.520297969476726,7452.9327679681255
37,36.11787623441858,1.2673349777467473,6.311874647832484,9.789080204625593,10.612489096068055,7452.9327679681255
38,35.88403452057198,0.9312490952195146,5.808133314575466,9.789080204625593,10.612489096068055,7452.9327679681255
39,35.88331620386852,0.7348020454608379,5.693907787937716,9.781035486753087,10.612489096068055,7452.9327679681255
40,35.7253774461037,0.7013337585352073,5.385852860988011,9.781035486753087,10.612489096068055,7452.9327679681255
41,35.708805299245924,0.6864419924169997,5.236965945966717,9.668425400954153,10.612489096068055,7452.9327679681255
42,35.7057316555432,0.5139899416220767,5.171630933435923,9.668425400954153,10.579098353576622,7452.9327679681255
43,35.705731609713325,0.47207347003600536,4.827716229997373,9.668425400954153,10.24904894598157,7452.9327679681255
44,35.70252224605708,0.46818904495191693,4.818846665051036,9.668425400954153,10.24904894598157,78.45168180644865
45,35.70235458078987,0.46721142335430754,4.6060932388067295,9.668425400954153,10.24904894598157,78.45168180644865
46,34.908748672149294,0.44076867001961856,4.5163977166825715,9.668425400954153,10.24904894598157,78.45168180644865
47,34.788573841007135,0.43549535838954406,4.368380940052989,9.668425400954153,10.24904894598157,78.45168180644865
48,34.73937076086761,0.41233808491419577,4.189536569678893,9.65593972345944,10.229726898461857,78.45168180644865
49,34.73757844792151,0.3977146873103782,4.0497907253220085,9.415785744579336,10.131815530370258,78.45168180644865
50,34.7372747761639,0.3966197488716917,3.836666565624347,9.415785744579336,10.131815530370258,78.45168180644865
51,34.73715721499665,0.3898707381738633,3.7168218061180895,9.415785744579336,10.131815530370258,78.45168180644865
52,34.737056830350106,0.3845385098811297,3.3734032467798265,9.411537620953737,10.131815530370258,78.45168180644865
53,34.73700838828522,0.2900541346906079,3.017342373012717,9.374632460273805,10.08430798201915,78.45168180644865
54,34.73699609040953,0.26924106207181076,2.9726896111169774,9.374055470027887,9.828497140705233,78.45168180644865
55,34.73697371778443,0.25188482577783733,2.5390434423257204,7.943333106820601,8.675886163003053,78.45168180644865
56,34.73697371535238,0.24695209117243264,2.4080124780560785,6.303574135047628,8.222305652098347,78.45168180644865
57,34.73697263273089,0.23961165405989635,2.3685984805561633,5.711424212653643,8.215725837709789,78.45168180644865
58,34.73697250956789,0.23713930393180097,2.351816106679812,5.6854447736853935,8.206864262244594,78.45168180644865
59,34.73697145987218,0.23576532831661873,2.2530591100259842,5.6610671321499755,8.149061057680834,78.45168180644865
60,34.736971240872265,0.19668530561483874,2.1513647312840676,5.560434100263633,8.149061057680834,74.14564643165112
61,34.73697123379823,0.16267971606041,2.151168968453045,5.546301553676116,8.068714644378023,74.14564643165112
62,34.73697122327501,0.16154589946119735,2.136302962946554,5.519469045745481,7.929999371584953,74.14564643165112
63,34.73697122327476,0.15244186570977794,2.134495934561047,5.382872842118866,7.929999371584953,74.14564643165112
64,34.73697122250153,0.1475386196732725,2.050085940407289,5.381021486134011,7.929999371584953,74.14564643165112
65,34.736971222330624,0.09096359658406292,1.7757664610364774,5.374506798506326,7.9296262505117,74.14564643165112
66,34.7369712198008,0.08799958051396309,1.7550155271524084,5.363897707914752,7.8831686909551335,74.14564643165112
67,34.7369712197619,0.08756039604343926,1.6729124806254678,5.231190617250535,6.77772179435122,74.14564643165112
68,34.73697121935707,0.06940187965646025,1.4173506003905902,5.231190617250535,6.77772179435122,74.14564643165112
69,34.736971219357066,0.06780105175166878,1.3788224987030724,5.213238421741606,5.836940673265072,74.14564643165112
70,34.73697121930739,0.06742615408989784,1.373549414034451,5.2131860709892255,5.836940673265072,74.14564643165112
71,34.736971219267446,0.06568320855864598,1.3687399820117883,5.1849824697535265,5.836940673265072,74.14564643165112
72,34.73697121924877,0.06431384001296558,1.34817673796332,4.948016591507017,5.836940673265072,74.14564643165112
73,34.73697121924638,0.0624891973386459,1.347631099752227,4.92315062856937,5.807527328319989,74.14564643165112
74,34.73697121924483,0.06157841978540811,1.3406210162837138,4.877204932640733,5.807527328319989,74.14564643165112
75,34.7369712192448,0.05945120225583015,1.2803221428671836,4.77740029927355,5.777089769436439,74.14564643165112
76,34.73697121924389,0.05813652736679427,1.2559228526135706,4.767974274834359,5.777089769436439,73.75211760330623
77,34.736971219243536,0.05700526754451333,1.1580228733227542,4.7511019706817725,5.777089769436439,73.75211760330623
78,34.73697121924228,0.0567560285640389,1.1272394230949394,4.727526263842911,5.414825237429029,73.75211760330623
79,34.666551986656756,0.05532736732555371,1.1243783589101544,4.7145592142512385,5.386348570912731,73.75211760330623
80,34.664190119362175,0.05508641184660838,1.0618631308974968,4.7145592142512385,5.280190157033358,73.75211760330623
81,34.6641464059826,0.05485911327660625,1.0475921796849137,4.633300722512208,5.258471933864171,73.75211760330623
82,34.6641464059826,0.05401934406448654,1.0390532885240824,4.633300722512208,5.205053682213588,73.75211760330623
83,34.66413389394346,0.05377772405511698,1.0184825185827868,4.625559798709131,4.417490464098966,73.75211760330623
84,34.66413389394346,0.05283028342098426,1.0030760273348467,4.5788812948890705,4.417490464098966,72.8731367106972
85,34.664133147383225,0.05206949653873906,1.0013104647073874,4.5788812948890705,4.417490464098966,72.8731367106972
86,34.664133147383225,0.04555933408529764,1.0013104647073874,4.578006170710458,4.416832708585675,72.8731367106972
87,34.664133147383225,0.04332861519533724,0.9581737314800496,4.082053436489471,4.416832708585675,72.8731367106972
88,34.664133147383225,0.04218879251580694,0.9520729365016066,4.082053436489471,4.416832708585675,72.8731367106972
89,34.6641331217057,0.04124201575317281,0.9507479327916002,4.077596991027643,4.416832708585675,72.8731367106972
90,34.66413312147549,0.03597613886725382,0.9449766286174478,4.077421546165252,4.408397404469783,72.8731367106972
91,34.66413312147549,0.03572675824124599,0.9254061898295941,4.077421546165252,4.408397404469783,72.8731367106972
92,34.66413312145532,0.02249757131788389,0.9243027813555209,3.4073188920586737,4.408397404469783,72.8731367106972
93,34.664133121352606,0.022409523339226887,0.9238947354833034,2.216614935772927,4.408397404469783,72.8731367106972
94,34.664133121332966,0.02139162571228106,0.9238947354833034,2.216614935772927,4.408397404469783,72.8731367106972
95,34.66413312132928,0.02009771621575942,0.922044449067797,2.216614935772927,4.408397404469783,72.8731367106972
96,34.66413312132928,0.019659439646620362,0.922044449067797,2.118281832050361,4.408397404469783,72.8731367106972
97,34.66413312131992,0.019517642792697416,0.922044449067797,2.1036218471506025,4.398659846823021,72.8731367106972
98,34.664133121313036,0.017811555644263743,0.922044449067797,2.1036218471506025,4.398659846823021,72.8731367106972
99,34.66413312131139,0.01742133100481138,0.9215139153330962,2.0864181675361833,4.337484616149848,72.8731367106972
100,34.664133121311075,0.016936231142351706,0.9212633471698235,2.075802374720862,4.323950921823216,72.8731367106972
101,34.664133121311075,0.01675304729242419,0.9210263500991882,1.9865959360110899,4.321093912088537,72.8731367106972
102,34.664133121311075,0.016595954299409767,0.888700271937681,1.9865959360110899,4.280356037924109,72.8731367106972
103,34.664133121311075,0.015710950488786908,0.878928786131304,1.9865959360110899,4.280356037924109,72.8731367106972
104,34.664133121311075,0.015665165062121865,0.878928786131304,1.9865959360110899,4.280356037924109,72.8731367106972
105,34.66413312131101,0.015651533955850803,0.8600057050344854,1.9865959360110899,4.224112614150284,72.8731367106972
106,34.664133121310996,0.015621695686462317,0.8600057050344854,1.9833842235551675,4.190878587284461,72.8731367106972
107,34.664133121310996,0.01560978161545804,0.7187104037715206,1.9574353648337492,4.190878587284461,72.8731367106972
108,34.664133121310996,0.01560262430772592,0.5036430009919171,1.9574353648337492,4.190878587284461,72.8731367106972
109,34.664133121310996,0.015565029463170486,0.4539791312491969,1.9574353648337492,4.190878587284461,72.8731367106972
110,34.664133121310996,0.015386319416008676,0.45389696310443073,1.9106904994220664,4.190878587284461,72.8731367106972
111,34.664133121310996,0.015257589409419172,0.395573696592549,1.9106904994220664,4.190878587284461,72.8731367106972
112,34.664133121310996,0.014903624061687068,0.3954402111682724,1.9103973307206097,4.190878587284461,72.8731367106972
113,34.664133121310996,0.013654455224126713,0.3816400418380966,1.8386777730917525,4.190878587284461,72.8731367106972
114,34.664133121310996,0.013454645601614445,0.3776075004149785,1.8278678006970512,4.190878587284461,72.8731367106972
115,34.664133121310996,0.013175799509394326,0.374651582139111,1.7823618167900146,4.190878587284461,72.8731367106972
116,34.664133121310996,0.012731185777181117,0.35283875050242897,1.7507856962768886,4.190878587284461,72.8731367106972
117,34.664133121310996,0.010672231435456007,0.35283334778574393,1.6795362473471793,4.190878587284461,72.8731367106972
118,34.664133121310996,0.007501367141446601,0.3390850911484202,1.6024925538976718,4.190878587284461,72.8731367106972
119,34.664133121310996,0.007036534423446461,0.3388399890917838,1.5812295319679102,4.190878587284461,72.8731367106972
120,34.664133121310996,0.0067366898421778775,0.3347213584729251,1.5101696682105072,4.190878587284461,72.8731367106972
121,34.664133121310996,0.006700533211566764,0.3278744949868551,1.5101696682105072,4.190878587284461,72.8731367106972
122,34.664133121310996,0.006602334286777136,0.31392040473673055,1.4118203389232988,4.190878587284461,72.8731367106972
123,34.664133121310996,0.006169551800304358,0.30671498078958964,1.2037789226832751,4.190878587284461,72.8731367106972
124,34.664133121310996,0.006168907028563902,0.299105805844473,1.2037789226832751,4.190878587284461,72.8731367106972
125,34.664133121310996,0.006100380437823268,0.299105805844473,1.2037789226832751,4.190878587284461,72.8731367106972
126,34.664133121310996,0.006099921632857401,0.22757497278563088,1.2037789226832751,4.190878587284461,72.8731367106972
127,34.664133121310996,0.006073103253081915,0.22727232037356565,1.2037789226832751,4.179945929428741,72.8731367106972
128,34.664133121310996,0.006015117244353548,0.2265014037979292,1.2037789226832751,4.179945929428741,72.8731367106972
129,34.664133121310996,0.005914815046880102,0.21059364527298027,1.2037789226832751,4.1539126009256275,72.8731367106972
130,34.664133121310996,0.005914113607387577,0.2103794138932072,1.2005782386604422,4.080581316800693,72.8731367106972
131,34.664133121310996,0.005911814114991889,0.2031319918386106,1.1927305414498286,4.080581316800693,72.8731367106972
132,34.664133121310996,0.005874402131407152,0.20031628493889886,1.1832664672561273,4.080581316800693,72.8731367106972
133,34.664133121310996,0.005135044984318552,0.193004893822082,1.1456099292172783,4.080581316800693,72.8731367106972
134,34.664133121310996,0.004695302822303908,0.18687997092424866,1.1456099292172783,4.068513818963939,72.8731367106972
135,34.664133121310996,0.004439637409650806,0.18687997092424866,1.1455862332640627,4.046805970854622,72.8731367106972
136,34.664133121310996,0.004315925710044568,0.18687997092424866,1.0768178677460842,4.046805970854622,72.8731367106972
137,34.664133121310996,0.004217102274410455,0.184269541860634,1.0727349445707604,4.046805970854622,72.8731367106972
138,34.664133121310996,0.00421706562900699,0.18419943287664728,1.0727349445707604,4.008416722339677,70.16546575083031
139,34.664133121310996,0.004070916592941033,0.1839349129218481,1.0727349445707604,3.997703805445146,70.16546575083031
140,34.664133121310996,0.004070729700063103,0.18363159590524006,1.0727349445707604,3.99731124794834,70.16546575083031
141,34.664133121310996,0.004056635574391126,0.1836304769269277,1.0727349445707604,3.996209350376246,70.16546575083031
142,34.664133121310996,0.004038658609169714,0.18174247556686604,1.0727349445707604,3.6585471658390647,70.16546575083031
143,34.664133121310996,0.00400217933948067,0.18081144061810953,0.955198311294455,3.656390922334752,70.16546575083031
144,34.664133121310996,0.003922108768520181,0.18081144061810953,0.955198311294455,3.656390922334752,70.16546575083031
145,34.664133121310996,0.003470718086331883,0.18081144061810953,0.9454757758442847,3.656390922334752,70.16546575083031
146,34.664133121310996,0.0034698503162136885,0.18039846077180569,0.9454757758442847,3.656390922334752,70.16546575083031
147,34.664133121310996,0.003469841225531391,0.178117018545439,0.9452382692581554,3.656390922334752,70.16546575083031
148,34.664133121310996,0.0034696326133215995,0.17710384535677284,0.9321138687639474,3.656390922334752,70.16546575083031
149,34.664133121310996,0.0034345881359050083,0.1763208028894894,0.8266839872021536,3.656390922334752,70.16546575083031
150,34.664133121310996,0.0034334072000577016,0.17624018843067896,0.8266839872021536,3.656390922334752,70.16546575083031
151,34.664133121310996,0.0034328913176515353,0.17486563076261571,0.8249176962694907,3.656390922334752,70.16546575083031
152,34.664133121310996,0.003431019472887606,0.17422176973654363,0.8249176962694907,3.656390922334752,70.16546575083031
153,34.664133121310996,0.0034309288933796664,0.17405747031358765,0.8249176962694907,3.656390922334752,70.16546575083031
154,34.664133121310996,0.003430799545932018,0.17405747031358765,0.8249176962694907,3.656390922334752,70.16546575083031
155,34.664133121310996,0.003430487502763918,0.16466210682519444,0.7429228122930843,3.656390922334752,70.16546575083031
156,34.664133121310996,0.0034298071865237643,0.16408262989515726,0.7297610526007218,3.656390922334752,70.16546575083031
157,34.664133121310996,0.003421386799117182,0.16074210271573225,0.6988512100176661,3.656390922334752,70.16546575083031
158,34.664133121310996,0.003367134215636934,0.15786067244658245,0.6988512100176661,3.656390922334752,70.16546575083031
159,34.664133121310996,0.003353578863579328,0.15504439686883148,0.6962363453140485,3.656390922334752,70.16546575083031
160,34.664133121310996,0.0032972198697381314,0.15457954851222114,0.6765696101595972,3.645622280079814,70.16546575083031
161,34.664133121310996,0.0032968546611874066,0.14759618846202738,0.6765696101595972,3.61345762931776,70.16546575083031
162,34.664133121310996,0.0030476637578297112,0.14695961965136764,0.6710566511251896,3.61345762931776,70.16546575083031
163,34.664133121310996,0.0027863504059358318,0.1467399413619974,0.6697403883294714,3.601295069032981,70.16546575083031
164,34.664133121310996,0.002771278098479838,0.14645781492355664,0.6697403883294714,3.5885014127106656,70.16546575083031
165,34.664133121310996,0.002678203437464036,0.14403609622145008,0.6697403883294714,3.586544912686724,70.16546575083031
166,34.664133121310996,0.002603147086511146,0.14394054725617178,0.6697403883294714,3.568380136246089,70.16546575083031
167,34.664133121310996,0.0025944335924190766,0.1439196288160725,0.6697403883294714,3.568380136246089,70.16546575083031
168,34.664133121310996,0.002594081455386219,0.1434343131655693,0.6696572673389445,3.566100824933332,70.16546575083031
169,34.664133121310996,0.002585502587773541,0.14248803017740935,0.6696427653006055,3.564100964963449,70.16546575083031
170,34.664133121310996,0.002542318292286423,0.14218734097283953,0.6696427653006055,3.564100964963449,70.16546575083031
171,34.664133121310996,0.0025418885972980673,0.14168628683682827,0.6696427653006055,3.564100964963449,70.16546575083031
172,34.664133121310996,0.0018198899009016455,0.1410427258174733,0.6696427653006055,3.564100964963449,70.16546575083031
173,34.664133121310996,0.001666991726617904,0.14033125415226375,0.6692366955057605,3.564100964963449,70.16546575083031
174,34.664133121310996,0.0016010092669184474,0.105251372035851,0.6672910202954808,3.564100964963449,70.16546575083031
175,34.664133121310996,0.0015198754448685898,0.105251372035851,0.6012579436116005,3.564100964963449,70.16546575083031
176,34.664133121310996,0.001445006710267639,0.07126554133886909,0.5942786941414332,3.564100964963449,70.16546575083031
177,34.664133121310996,0.0013869881736237309,0.0672744804476842,0.5934226685389963,3.564100964963449,70.16546575083031
178,34.664133121310996,0.0011498292015588122,0.06641082427746174,0.5934226685389963,3.564100964963449,70.16546575083031
179,34.664133121310996,0.0010984136909401709,0.06533071602337817,0.5917677748727184,3.5602923241095894,70.16546575083031
180,34.664133121310996,0.0010849652547712432,0.06228069491648952,0.5917677748727184,3.5602923241095894,70.16546575083031
181,34.664133121310996,0.001059923641661601,0.052888286688241325,0.5917677748727184,3.5602923241095894,70.16546575083031
182,34.664133121310996,0.00103346081781439,0.05007193540528728,0.5917677748727184,3.5602923241095894,70.16546575083031
183,34.664133121310996,0.0009346154686822054,0.0492873662064545,0.5917677748727184,3.5602923241095894,70.16546575083031
184,34.664133121310996,0.0009251059884591717,0.04912363615766967,0.5917677748727184,3.5602923241095894,70.16546575083031
185,34.664133121310996,0.0009240690897819991,0.04797104071098904,0.5917677748727184,3.5602923241095894,70.16546575083031
186,34.664133121310996,0.0009232838909179837,0.04737451171739691,0.5917677748727184,3.5602923241095894,70.16546575083031
187,34.664133121310996,0.0009177243371160748,0.044954136504478194,0.5875219611741145,3.5602923241095894,70.16546575083031
188,34.664133121310996,0.0009172523362576052,0.044954136504478194,0.5875219611741145,2.1688099622927868,70.16546575083031
189,34.664133121310996,0.0009170622882375033,0.044954136504478194,0.5875219611741145,2.1688099622927868,70.16546575083031
190,34.664133121310996,0.0008836357588226376,0.044879911153396276,0.5875219611741145,2.1688099622927868,70.16546575083031
191,34.664133121310996,0.0008801590531213545,0.04477273112345036,0.5875219611741145,2.1049841859525884,70.16546575083031
192,34.664133121310996,0.0008231424526750769,0.04466403859720851,0.5875219611741145,2.0592973382861954,70.16546575083031
193,34.664133121310996,0.0004981351496336972,0.044652673180833095,0.5875219611741145,2.058958999777921,70.16546575083031
194,34.664133121310996,0.0004339799592862865,0.044652673180833095,0.5692212103362417,2.058182395370019,70.16546575083031
195,34.664133121310996,0.000432913970433691,0.04431964143573635,0.5553867435057322,2.05479328386577,70.16546575083031
196,34.664133121310996,0.0004326379756674056,0.044289214482772024,0.555182687082794,2.05479328386577,70.16546575083031
197,34.664133121310996,0.00043088555663846963,0.044289214482772024,0.5437192234805807,2.05479328386577,70.16546575083031
198,34.664133121310996,0.0004069083264245393,0.04369605251052656,0.5375868338565102,2.05479328386577,70.16546575083031
199,34.664133121310996,0.0004064227564093344,0.04369605251052656,0.5339009100462462,2.037861100046574,70.16546575083031
200,34.664133121310996,0.000406341365674203,0.04369605251052656,0.5292611539302076,2.037861100046574,70.16546575083031
201,34.664133121310996,0.0004030747152822395,0.04369605251052656,0.5277649121761617,2.037861100046574,70.16546575083031
202,34.664133121310996,0.0004027769952962423,0.04353314084270085,0.5277649121761617,2.037861100046574,70.16546575083031
203,34.664133121310996,0.00040265761536303527,0.04353314084270085,0.5277649121761617,2.037861100046574,70.16546575083031
204,34.664133121310996,0.0004023015260894102,0.04353314084270085,0.5277649121761617,2.03758369202472,70.16546575083031
205,34.664133121310996,0.0004000534054386668,0.04353314084270085,0.5277649121761617,1.9959957473213727,70.16546575083031
206,34.664133121310996,0.00037224436044183283,0.04315953926380028,0.5277649121761617,1.9959957473213727,70.16546575083031
207,34.664133121310996,0.0003722310439071935,0.04249162924094686,0.5277649121761617,1.9959957473213727,70.16546575083031
208,34.664133121310996,0.0003711007513819319,0.03783228696610686,0.5253658848760846,1.9959957473213727,70.16546575083031
209,34.664133121310996,0.0003710688265217027,0.03783228696610686,0.5253658848760846,1.9959957473213727,70.16546575083031
210,34.664133121310996,0.0003710066031994498,0.037435429885281445,0.5253658848760846,1.9903723419287402,70.16546575083031
211,34.664133121310996,0.00034282757983934194,0.037435429885281445,0.5253658848760846,1.9903175994810485,70.16546575083031
212,34.664133121310996,0.00034280365753163285,0.037435429885281445,0.5253148550111363,1.9524914819601513,70.16546575083031
213,34.664133121310996,0.00034123166579223265,0.03699619192006911,0.5106356999294657,1.9524914819601513,70.16546575083031
214,34.664133121310996,0.00032885186942938375,0.03655848162189373,0.5106356999294657,1.9482742695991113,70.16546575083031
215,34.664133121310996,0.0003261532854650168,0.0360739537296976,0.5093923385805332,1.9482742695991113,70.16546575083031
216,34.664133121310996,0.00030752545443136115,0.03564682658112852,0.5093923385805332,1.9482742695991113,70.16546575083031
217,34.664133121310996,0.0002545054295350225,0.03255759972861405,0.5093923385805332,1.94803118492402,70.16546575083031
218,34.664133121310996,0.00025068391293613654,0.03156496116394325,0.5093923385805332,1.94803118492402,70.16546575083031
219,34.664133121310996,0.0002427903357152008,0.03144053711155003,0.5093923385805332,1.94803118492402,70.16546575083031
220,34.664133121310996,0.00019573129247978316,0.03144053711155003,0.5093923385805332,1.9473946849277397,70.16546575083031
221,34.664133121310996,0.0001513598789880554,0.03144053711155003,0.5093923385805332,1.9473946849277397,70.16546575083031
222,34.664133121310996,0.0001466494615545845,0.031238607378144507,0.5093923385805332,1.9473946849277397,70.16546575083031
223,34.664133121310996,0.00014074420411365232,0.031235317284951974,0.5093923385805332,1.9473946849277397,70.16546575083031
224,34.664133121310996,0.00013549745797718506,0.031210540591155883,0.5093923385805332,1.9473946849277397,70.16546575083031
225,34.664133121310996,0.00012646331978796358,0.031166884371287153,0.5083447445472783,1.9473946849277397,70.16546575083031
226,34.664133121310996,0.00012408791142204872,0.030966664115717267,0.5083447445472783,1.9473946849277397,70.16546575083031
227,34.664133121310996,9.635647183001895e-05,0.030840749653739563,0.5083447445472783,1.9473946849277397,70.16546575083031
228,34.664133121310996,8.68589260465177e-05,0.030825125834525284,0.5083447445472783,1.9473946849277397,70.16546575083031
229,34.664133121310996,8.329861751941496e-05,0.030825125834525284,0.5083447445472783,1.9473946849277397,70.16546575083031
230,34.664133121310996,7.972847559830204e-05,0.030825125834525284,0.5083447445472783,1.9473946849277397,70.16546575083031
231,34.664133121310996,7.746205268562511e-05,0.03081296786486181,0.5083447445472783,1.9473946849277397,70.16546575083031
232,34.664133121310996,6.73168097641193e-05,0.030756135198739848,0.5058307722179761,1.9458837573767382,70.16546575083031
233,34.664133121310996,4.8781433873726225e-05,0.030737902562967413,0.5058307722179761,1.8820213395902399,70.16546575083031
234,34.664133121310996,4.857127270462092e-05,0.03033662005927114,0.5058307722179761,1.8820213395902399,70.16546575083031
235,34.664133121310996,3.4437375074324907e-05,0.03033662005927114,0.5051136661170296,1.8820213395902399,70.16546575083031
236,34.664133121310996,3.200852778792442e-05,0.03033662005927114,0.5047472268317525,1.8820213395902399,70.16546575083031
237,34.664133121310996,2.9909944128760785e-05,0.030233805665580288,0.5047472268317525,1.8781783845724025,70.16546575083031
238,34.664133121310996,2.7263066222221364e-05,0.02976614839927132,0.5047472268317525,1.8775340779486052,70.16546575083031
239,34.664133121310996,2.5833161896749243e-05,0.026047528176852346,0.5047472268317525,1.8775340779486052,70.16546575083031
240,34.664133121310996,2.315648561479491e-05,0.026047528176852346,0.5047472268317525,1.8771198059751968,70.16546575083031
241,34.664133121310996,2.20042820441227e-05,0.025989714131271397,0.5047472268317525,1.8771198059751968,70.16546575083031
242,34.664133121310996,1.9949970410240728e-05,0.025840387502741535,0.5047472268317525,1.8771198059751968,70.16546575083031
243,34.664133121310996,1.9021709168794502e-05,0.02571491174943044,0.5047472268317525,1.8771198059751968,70.16546575083031
244,34.664133121310996,1.8117105398496686e-05,0.025714825145159305,0.5047472268317525,1.8771198059751968,70.16546575083031
245,34.664133121310996,1.3930106034676831e-05,0.0254939279707876,0.5047472268317525,1.8771198059751968,70.16546575083031
246,34.664133121310996,1.076139180522728e-05,0.025411590584110612,0.5047472268317525,1.8771198059751968,70.16546575083031
247,34.664133121310996,1.0161844136934065e-05,0.02530866792004673,0.5047472268317525,1.8771198059751968,70.16546575083031
248,34.664133121310996,1.0160024552538321e-05,0.02522803732250003,0.5047472268317525,1.8771198059751968,70.16546575083031
249,34.664133121310996,8.580577502323542e-06,0.02514349882898136,0.5047472268317525,1.8771198059751968,70.16546575083031
250,34.664133121310996,7.44171909633548e-06,0.025139051485733192,0.5047472268317525,1.8771198059751968,70.16546575083031
251,34.664133121310996,5.538656466560512e-06,0.025085443626896114,0.5047472268317525,1.8771198059751968,70.16546575083031
252,34.664133121310996,5.53530122409329e-06,0.0249090085343733,0.5047472268317525,1.8771198059751968,70.16546575083031
253,34.664133121310996,4.695319767685e-06,0.0248474698676679,0.5017214414600932,1.8236570926677576,70.16546575083031
254,34.664133121310996,4.180322743976003e-06,0.024760072847208985,0.5017214414600932,1.8236570926677576,70.16546575083031
255,34.664133121310996,3.915618963816531e-06,0.024759438856494367,0.5015692134027891,1.8236570926677576,70.16546575083031
256,34.664133121310996,3.723064061370707e-06,0.02319216140250181,0.5015692134027891,1.8236570926677576,70.16546575083031
257,34.664133121310996,3.447486757501844e-06,0.022951885488712638,0.49865226731095247,1.8236570926677576,70.16546575083031
258,34.664133121310996,3.3571261368436757e-06,0.014134063109561678,0.4942252140724571,1.8127085566665069,70.16546575083031
259,34.664133121310996,3.1860787191033574e-06,0.013916543857369327,0.4465355129224459,1.7732302160858346,70.16546575083031
260,34.664133121310996,3.11861767991246e-06,0.013271930288912515,0.4194755892190643,1.7732302160858346,70.16546575083031
261,34.664133121310996,2.877334299764052e-06,0.012712965129110007,0.39706718151284187,1.7732302160858346,70.16546575083031
262,34.664133121310996,2.6534051104165666e-06,0.012372698765883604,0.3660221790546638,1.7732302160858346,70.16546575083031
263,34.664133121310996,2.6211360340464634e-06,0.008903762052541215,0.2909760932520226,1.4798777908060678,70.16546575083031
264,34.664133121310996,2.6141370262032434e-06,0.006837484928316045,0.265734086186297,1.2650049033355042,70.16546575083031
265,34.664133121310996,2.3491615159725164e-06,0.005701912221477429,0.2605684788525386,1.2296120272105315,70.16546575083031
266,34.664133121310996,1.1637161573326138e-06,0.004058711621024997,0.13153249124538013,0.9137260615166317,70.16546575083031
267,34.664133121310996,7.006281950019382e-07,0.003861986864887612,0.12178929451337091,0.7447407072099651,70.16546575083031
268,34.664133121310996,5.257544869187633e-07,0.002825071647969471,0.11909265580108896,0.5022500524069764,70.16546575083031
269,34.664133121310996,4.445754849261472e-07,0.002257705881492269,0.11909149624997455,0.4583554856558372,70.16546575083031
270,34.664133121310996,3.765350190432572e-07,0.001523944205448146,0.11835214113670216,0.45809277920424185,70.16546575083031
271,34.664133121310996,3.588671422264808e-07,0.001362020277261254,0.11376874083750035,0.41152387557997316,70.16546575083031
272,34.664133121310996,2.8436409396563975e-07,0.0012810473023314168,0.11168500765606268,0.3844041518132833,70.16546575083031
273,34.664133121310996,2.5606417637383226e-07,0.0012119615978162135,0.10929276934448877,0.24013338911905083,70.16546575083031
274,34.664133121310996,1.0541881444726887e-07,0.0010813814001072839,0.034260334046225915,0.2207116658428062,70.16546575083031
275,34.664133121310996,7.872378238126439e-08,0.0009983403941995672,0.024725554207927214,0.2078541631716692,68.28883122633603
276,34.664133121310996,7.055017562144428e-08,0.0009162286997392563,0.018901732354232068,0.14152506143388707,65.89959759444189
277,34.664133121310996,6.41700246290274e-08,0.0008742895527697126,0.01801642284524175,0.12649392806126253,64.02620109617695
278,34.664133121310996,6.316460467706564e-08,0.0008019881277997538,0.016068618035022707,0.12128595007835234,64.02620109617695
279,34.664133121310996,3.087378943189372e-08,0.0007747858896629404,0.011745881335157058,0.12037676572507774,64.02620109617695
280,34.664133121310996,2.5770325496197535e-08,0.0007702550894101809,0.011340099899204096,0.11388009511206243,59.32162948124127
281,34.664133121310996,2.2765265481666378e-08,0.0007567281119686684,0.011266926540777747,0.11352816205676523,59.32162948124127
282,34.664133121310996,1.3723055222542552e-08,0.00043301173849558886,0.0053275534956230405,0.11248853082513285,59.32162948124127
283,34.664133121310996,8.008930379534945e-09,0.0003622944080684033,0.004451274828882144,0.10953549478837599,59.32162948124127
284,34.664133121310996,7.341968841257086e-09,0.00030613820403460645,0.004425465086773046,0.09229845771551551,59.32162948124127
285,34.664133121310996,7.004197249524289e-09,0.00025204064549146164,0.0037962561699422122,0.08559464103579756,58.83787661228913
286,34.664133121310996,6.6870834417534674e-09,0.00023610653028532876,0.003702351276011263,0.05614500654324676,58.81621037250487
287,34.664133121310996,4.420819833799996e-09,0.00021515963156072443,0.0024654146398153847,0.02741833727216659,58.29713278332771
288,34.664133121310996,3.6144366234381456e-09,0.0001972874642858786,0.0023453874263523414,0.02586652246474022,57.60824636855398
289,34.664133121310996,1.8075832150503092e-09,0.00016385194978089273,0.0023318260112835955,0.021251835428981188,57.60824636855398
290,34.664133121310996,1.494612181190274e-09,0.00012666377422758642,0.001466292892026611,0.02106231846692192,55.61813250408702
291,34.664133121310996,1.31568084057092e-09,3.4815324409889934e-05,0.001400409855487938,0.020738148052668857,54.682819835441066
292,34.664133121310996,1.2748428819261894e-09,3.213932808053854e-05,0.001311907553656001,0.020738148052668857,54.682819835441066
293,34.664133121310996,9.105954457892318e-10,2.2590050365789913e-05,0.0011700140182147895,0.019241757186966055,54.682819835441066
294,34.664133121310996,8.47639712737995e-10,2.100876919183977e-05,0.00036777690263311506,0.018951383561876027,54.682819835441066
295,34.664133121310996,8.18824423732773e-10,2.059084445563578e-05,0.0003635842797592335,0.01872316207515181,54.625500196371696
296,34.664133121310996,7.331520994598489e-10,1.3507980862987674e-05,0.00031029670676599783,0.01833133221571113,52.85365460042967
297,34.664133121310996,6.840745931783033e-10,1.2163072163834333e-05,0.00020867885728578507,0.008712315278797482,50.83822943639201
298,34.664133121310996,5.113756174807309e-10,7.367202774004826e-06,0.00017149385542030788,0.00822597767135146,49.34065102445569
299,34.664133121310996,2.741904644114681e-10,6.18643194554415e-06,0.00012899955070319082,0.008224080615970327,49.34065102445569
300,34.664133121310996,2.3596425063560195e-10,4.910560188377314e-06,0.00011080607573451849,0.007558699574554321,48.94615492798146
301,34.664133121310996,1.9773193313382128e-10,4.457879253033622e-06,0.00010639613826008347,0.007443413321482524,48.80960353500279
302,34.664133121310996,1.3095938826555066e-10,3.1563571392551014e-06,0.0001048102759550969,0.007341260001033868,48.80960353500279
303,34.664133121310996,1.0540667192365743e-10,3.1103145798606835e-06,7.147632944037482e-05,0.007283915785574455,47.589256924223086
304,34.664133121310996,1.022504039719255e-10,2.9159297664674865e-06,6.932685491279334e-05,0.0066030486798110246,46.8463137382312
305,34.664133121310996,8.649723618271658e-11,9.216242733088534e-07,6.728245833860939e-05,0.006225499118883169,45.10896850181009
306,34.664133121310996,8.068855824306293e-11,8.659348391877248e-07,1.556313294298263e-05,0.006150593064260937,45.10896850181009
307,34.664133121310996,7.538106387930451e-11,6.439315813322803e-07,1.2982640575374032e-05,0.0012944558359600429,45.10896850181009
308,34.664133121310996,5.076269530514195e-11,5.161469226132661e-07,9.817938254015308e-06,0.0010979326941029889,45.10896850181009
309,34.664133121310996,3.314289885259241e-11,5.041353430295895e-07,8.35636366464309e-06,0.0010566051497566396,45.10896850181009
310,34.664133121310996,3.2023813062590353e-11,4.843255960075797e-07,8.202569732835457e-06,0.0009167883228709782,45.10896850181009
311,34.664133121310996,2.968612078249536e-11,3.8777023437207165e-07,8.101133647510782e-06,0.0009015325294222352,45.10896850181009
312,34.664133121310996,2.1499004184383176e-11,3.7763314434846e-07,5.8190153080732766e-06,0.00072695895968352,45.10896850181009
313,34.664133121310996,2.012031618934209e-11,3.385899780558209e-07,5.693485812663018e-06,0.0004704575844299469,45.10896850181009
314,34.664133121310996,1.9673976862630623e-11,1.7472751931633126e-07,5.416960593032843e-06,0.0004087097905999054,45.10896850181009
315,34.664133121310996,1.425736524605545e-11,9.913621481476409e-08,2.9201597758284875e-06,0.00031591677778667764,45.10896850181009
316,34.664133121310996,6.217510851708202e-12,9.430574668369846e-08,1.6438934630701616e-06,0.00029982312825876597,45.10896850181009
317,34.664133121310996,5.233120200823588e-12,6.67834471585318e-08,1.3641125694731373e-06,0.00029553326970476596,44.42988169114281
318,34.664133121310996,3.59217776492244e-12,5.400953889083063e-08,1.285362113909358e-06,0.0002943692386671592,44.42988169114281
319,34.664133121310996,2.2499114641404685e-12,3.284088220998716e-08,7.68548357902176e-07,0.00029417758466884563,44.42988169114281
320,34.664133121310996,2.10311284463098e-12,2.5837722922009713e-08,5.451771357791785e-07,0.00013352621543432215,44.42988169114281
321,34.664133121310996,1.6177853020642632e-12,2.4071332578132026e-08,5.32693876074843e-07,0.00011856707892633411,43.64498676443137
322,34.664133121310996,1.1763682861299609e-12,1.4979505260875113e-08,3.293250003748956e-07,0.00011855290932384093,43.64498676443137
323,34.664133121310996,9.706508050284606e-13,1.337119726028223e-08,2.9749289819610346e-07,8.406982289359846e-05,43.64498676443137
324,34.664133121310996,9.62150664723181e-13,1.204620071639115e-08,2.0092407651920586e-07,6.629240626198503e-05,43.64498676443137
325,34.664133121310996,7.856710988453609e-13,1.1676960530267788e-08,1.7653035104328514e-07,6.571882363311707e-05,43.086918375804494
326,34.664133121310996,7.535818099131501e-13,1.1488762716716376e-08,1.7012183414623926e-07,6.560145657356103e-05,43.086918375804494
327,34.664133121310996,4.1764433680081837e-13,6.1127771173781365e-09,8.632140305139587e-08,6.560145657356103e-05,43.086918375804494
328,34.664133121310996,3.442235112770282e-13,4.627878022843036e-09,7.71690512781774e-08,6.544484137293327e-05,43.086918375804494
329,34.664133121310996,1.92602766607141e-13,3.2744253469839498e-09,5.743438396726756e-08,5.0885915531985806e-05,42.27370751907241
330,34.664133121310996,1.1533144146406298e-13,1.7457250086423148e-09,4.7958112119229e-08,4.538658946344423e-05,42.27370751907241
331,34.664133121310996,9.921792943435677e-14,1.4890139781084658e-09,3.2746399260587515e-08,4.4924584329797675e-05,42.27370751907241
332,34.664133121310996,8.809120312323719e-14,1.1993998868238543e-09,3.1881676799698625e-08,4.465504061359948e-05,42.27370751907241
333,34.664133121310996,4.4999332964949747e-14,1.1217456230681482e-09,2.1615779163512136e-08,3.9185473682750716e-05,42.27370751907241
334,34.664133121310996,3.961973021188331e-14,7.554628847468282e-10,1.9536673383796008e-08,3.541435673238505e-05,42.27370751907241
335,34.664133121310996,3.371729031877651e-14,6.454830420222568e-10,1.6100727145327443e-08,3.4834952135898816e-05,42.27370751907241
336,34.664133121310996,2.6146717840632148e-14,2.77904379214603e-10,1.5490261187382695e-08,3.481574957784024e-05,42.27370751907241
337,34.664133121310996,2.210088315301941e-14,2.5518576259140513e-10,1.0043973101802165e-08,3.481473863472422e-05,42.27370751907241
338,34.664133121310996,1.6446748056371562e-14,2.445661283755169e-10,8.671562039348134e-09,3.446455288950732e-05,42.27370751907241
339,34.664133121310996,1.4750457468309914e-14,2.2460830225364142e-10,8.232847023682832e-09,3.443712734235584e-05,42.27370751907241
340,34.664133121310996,1.297950038226099e-14,2.1079122698224717e-10,5.569716175941224e-09,3.423359833962558e-05,42.27370751907241
341,34.664133121310996,1.15890245827242e-14,1.6155366878635023e-10,5.330219782681787e-09,3.420772417496819e-05,42.27370751907241
342,34.664133121310996,1.1387157978682888e-14,1.521836705003321e-10,5.132534302212927e-09,3.419734096178423e-05,42.26508550722481
343,34.664133121310996,1.0707943635971546e-14,1.4595394484297697e-10,3.336063090872663e-09,1.2973812464417298e-06,42.26508550722481
344,34.664133121310996,7.58585286233064e-15,1.2607801911996654e-10,3.281302101968891e-09,4.249781698661947e-07,42.26508550722481
345,34.664133121310996,6.519988710992078e-15,1.2467454134961448e-10,3.1789163018635913e-09,3.1481762015137353e-07,42.26508550722481
346,34.664133121310996,2.6485257127173853e-15,7.518931864777577e-11,3.1200866647803737e-09,2.6675539051125833e-07,42.26508550722481
347,34.664133121310996,2.2231695699519003e-15,3.171565079178728e-11,5.153862012084237e-10,2.6118842069412795e-07,42.26011813990004
348,34.664133121310996,9.197349804208186e-16,2.956125883439061e-11,3.8960746836220535e-10,6.145314301063212e-08,42.26011813990004
349,34.664133121310996,6.326918170371358e-16,2.915026806619312e-11,3.478134273522445e-10,5.872295676092756e-08,42.26011813990004
350,34.664133121310996,5.543253895421847e-16,1.638744821870922e-11,3.2873898463512186e-10,5.8444810990981224e-08,42.26011813990004
351,34.664133121310996,4.1133483733556247e-16,1.3729384447597405e-11,3.2769823521471537e-10,5.527816132357615e-08,42.26011813990004
352,34.664133121310996,3.480535117631665e-16,9.648414561769256e-12,3.0187965759282163e-10,3.186538690409153e-08,42.26011813990004
353,34.664133121310996,3.3948957898544135e-16,9.581786486193368e-12,1.426670290049138e-10,2.2319067575391974e-08,42.26011813990004
354,34.664133121310996,2.087119157971785e-16,9.08380415518427e-12,8.957910900158613e-11,2.2291653960056286e-08,42.26011813990004
355,34.664133121310996,1.4825973457308962e-16,6.4472159714161695e-12,8.286390047783028e-11,1.962740176082833e-08,42.26011813990004
356,34.664133121310996,1.2549692981379927e-16,3.887897845058888e-12,3.614002802421563e-11,1.930251513943456e-08,42.26011813990004
357,34.664133121310996,1.1917656004243014e-16,3.700054342845686e-12,2.564790277493389e-11,1.6821424231063575e-08,42.26011813990004
358,34.664133121310996,9.466107140932625e-17,1.896990691833888e-12,2.291876327880582e-11,2.788827278888913e-09,42.26011813990004
359,34.664133121310996,6.257633771744331e-17,1.5181815655794874e-12,1.8440877554507204e-11,2.1424789493101147e-09,42.25911041550943
360,34.664133121310996,5.599650598949478e-17,1.4437125622965612e-12,7.231536085084884e-12,1.930410947458671e-09,42.256519158829704
361,34.664133121310996,4.5639751202044507e-17,1.3043204653158158e-12,5.989233836337455e-12,1.921213173708439e-09,42.256519158829704
362,34.664133121310996,3.933848699868102e-17,1.2483110296046638e-12,5.267881534252648e-12,1.7697684008002343e-09,42.256519158829704
363,34.664133121310996,3.152615728591368e-17,6.867985796217954e-13,4.465544470198968e-12,8.016484321682218e-10,42.256519158829704
364,34.664133121310996,2.6965396988896983e-17,2.692814864480254e-13,4.249377724503739e-12,7.261630875279503e-10,42.256519158829704
365,34.664133121310996,2.436763907740573e-17,2.101473636968976e-13,3.975355602003672e-12,7.123136151341618e-10,42.256519158829704
366,34.664133121310996,2.3315935114326712e-17,1.9149012840444843e-13,3.901858508631367e-12,6.894717007048554e-10,42.256519158829704
367,34.664133121310996,1.0580805482059235e-17,6.612534561711047e-14,4.210425926520153e-13,6.889438102021947e-10,42.256519158829704
368,34.664133121310996,7.491162632233733e-18,5.161001113893683e-14,3.2512265797386717e-13,2.0207604921580015e-10,42.256519158829704
369,34.664133121310996,6.727999727009675e-18,4.7938935279339286e-14,2.830752136773641e-13,2.0107485960784747e-10,42.256519158829704
370,34.664133121310996,6.3203107716523005e-18,2.8142955521864127e-14,2.2990148649164953e-13,1.9539188986995922e-10,42.256519158829704
371,34.664133121310996,5.87224169499448e-18,2.6905485277044152e-14,1.5492309217144503e-13,1.9385660750390964e-10,42.256519158829704
372,34.664133121310996,3.0867964660479903e-18,1.9922778214723183e-14,1.3124170816312768e-13,1.9370227412707756e-10,42.256519158829704
373,34.664133121310996,2.950620346593444e-18,1.346035574630519e-14,1.16535569012484e-13,1.491770400999387e-10,42.256519158829704
374,34.664133121310996,1.702302800554849e-18,1.2368102104050496e-14,1.1346998633694184e-13,1.4740817649851822e-10,42.256519158829704
375,34.664133121310996,1.0553176731766676e-18,5.780549588349225e-15,8.150217957184069e-14,1.4114437221944216e-10,42.256519158829704
376,34.664133121310996,9.981717961334379e-19,5.335165222288546e-15,7.90579593658712e-14,1.3900292156843232e-10,42.256519158829704
377,34.664133121310996,8.67577720898605e-19,4.1773899572431006e-15,6.516132052033649e-14,1.38677516566418e-10,42.256519158829704
378,34.664133121310996,6.234807936839852e-19,3.886813916835763e-15,6.510527437253735e-14,1.3863955624904958e-10,42.256519158829704
379,34.664133121310996,5.987265469905832e-19,3.6752531306585475e-15,6.484108934011476e-14,1.3858791078445247e-10,42.256519158829704
380,34.664133121310996,4.9857631271678845e-19,2.088866068573235e-15,5.828629973860245e-14,1.3856168723421628e-10,42.256519158829704
381,34.664133121310996,2.587575830586628e-19,1.6013838817582693e-15,5.828002975658422e-14,1.3720648130695087e-10,42.256519158829704
382,34.664133121310996,2.4634511718109504e-19,1.5285140618874256e-15,5.5511638434353886e-14,1.3078525957930656e-10,42.256519158829704
383,34.664133121310996,2.391530265539561e-19,1.4974291805365642e-15,4.554156031338956e-14,1.3062481887655555e-10,42.256519158829704
384,34.664133121310996,2.243843391790575e-19,9.3582132195892e-16,2.6377989524548407e-15,1.3061233908302054e-10,42.256519158829704
385,34.664133121310996,2.0928725108769126e-19,9.02606266279598e-16,2.471366816363324e-15,1.306084525761561e-10,42.256519158829704
386,34.664133121310996,1.908334385288581e-19,5.709498710256309e-16,9.03214141901223e-16,1.3060720398124538e-10,42.256519158829704
387,34.664133121310996,1.68178119287154e-19,4.992362469611579e-16,6.156082770545856e-16,1.3060715460418427e-10,42.256519158829704
388,34.664133121310996,1.5376496001669597e-19,4.2092147376764344e-16,5.971331365728869e-16,1.3059221841186172e-10,42.256519158829704
389,34.664133121310996,8.580546023409882e-20,4.0301691562333768e-16,5.139876900261436e-16,1.3030506252736545e-10,42.256519158829704
390,34.664133121310996,7.924282984965863e-20,3.544726642504666e-16,5.042179047084518e-16,1.4205770875628184e-12,42.256519158829704
391,34.664133121310996,6.572298214671859e-20,1.4458276338070706e-16,4.831860338887356e-16,1.4183654217991646e-12,42.256519158829704
392,34.664133121310996,4.244340395698705e-20,9.81053053705226e-17,4.791571206194021e-16,4.539750995885197e-13,42.256519158829704
393,34.664133121310996,3.6402778792566506e-20,9.538267938995268e-17,5.55778620651046e-17,3.733990555531205e-13,42.256519158829704
394,34.664133121310996,2.6794781668920687e-20,4.4571502113405805e-17,4.9949505860862964e-17,2.2474797780180674e-13,42.256519158829704
395,34.664133121310996,2.1070667159937157e-20,4.227085265426819e-17,3.686168810309481e-17,1.7976726605050242e-13,42.256519158829704
396,34.664133121310996,1.031228937073708e-20,2.4909430573064028e-17,2.709797746940089e-17,9.681308710160354e-14,42.256519158829704
397,34.664133121310996,6.788952095163961e-21,1.8834759473075676e-17,1.9677826710191707e-17,8.882364717970894e-14,42.256519158829704
398,34.664133121310996,5.762511849171182e-21,1.84632573273952e-17,1.4323458832008492e-17,8.86725064077197e-14,42.256519158829704
399,34.664133121310996,4.595372451377831e-21,1.6838070191606018e-17,9.129195576283392e-18,8.79920984589527e-14,42.256519158829704
400,34.664133121310996,4.5330112386607164e-21,6.1724244559820984e-18,8.041054299209848e-18,3.556844583618671e-15,42.256519158829704
401,34.664133121310996,4.52155886195289e-21,4.87329023426337e-18,7.967893165850865e-18,2.38980092772631e-15,42.256519158829704
402,34.664133121310996,4.083397884220755e-21,4.648206167152082e-18,5.425036411529966e-18,2.379792213089843e-15,42.256519158829704
403,34.664133121310996,4.072028510788757e-21,3.0616819678642734e-18,4.9934045403475914e-18,2.3711659474147764e-15,42.256519158829704
404,34.664133121310996,3.8739651282140896e-21,2.4435729251285058e-18,2.4413293739968073e-18,2.2220631909002554e-15,42.256519158829704
405,34.664133121310996,3.3578337849765675e-21,9.45875438612187e-19,2.2675111629654874e-18,1.7633774638480968e-15,42.256519158829704
406,34.664133121310996,3.166465684935301e-21,9.28332193883561e-19,1.6595182848665466e-18,1.7137670236705193e-15,42.256519158829704
407,34.664133121310996,3.0570788832134067e-21,9.027309779569606e-19,1.5116687578890563e-18,1.7064023596064e-15,42.256519158829704
408,34.664133121310996,2.493560147896196e-21,8.913110698562059e-19,9.560791896959845e-19,1.7034323185472027e-15,42.256519158829704
409,34.664133121310996,2.236151928644663e-21,8.435623543422148e-19,8.645454655530829e-19,1.7018962983160853e-15,42.256519158829704
410,34.664133121310996,1.9289950167761545e-21,7.112411431944252e-19,8.294166289782991e-19,1.700086195543981e-15,42.256519158829704
411,34.664133121310996,1.6249991345696128e-21,4.589524560505652e-19,8.180174687709068e-19,1.6998813086827761e-15,42.256519158829704
412,34.664133121310996,1.6007822634292818e-21,4.342742180602599e-19,8.121361495536259e-19,1.6998707623656692e-15,42.256519158829704
413,34.664133121310996,1.5980317044478335e-21,4.089894944594899e-19,8.107769834459753e-19,1.6938395002977007e-15,42.256519158829704
414,34.664133121310996,1.59625862180064e-21,1.6912640038452998e-19,6.048757618622358e-20,1.693382910275856e-15,42.256519158829704
415,34.664133121310996,1.592779363752242e-21,1.4909057608469167e-19,6.047108786536662e-20,2.312986655856877e-17,42.256519158829704
416,34.664133121310996,1.5922079620616614e-21,8.83953346761097e-20,6.022694135678467e-20,2.3122802693803922e-17,42.256519158829704
417,34.664133121310996,1.5917074256075406e-21,7.812945132981605e-20,1.965030411266561e-20,2.3062317481604168e-17,42.256519158829704
418,34.664133121310996,1.2027055222944683e-21,2.785536903623863e-20,1.9308736384279973e-20,2.3054140919002743e-17,42.256519158829704
419,34.664133121310996,8.801579224759672e-22,2.0185281083431738e-20,1.88719966411737e-20,2.2467168829276216e-17,42.256519158829704
420,34.664133121310996,1.7832690503219268e-22,1.2262517178874074e-20,5.693928976758297e-21,1.5611140900891203e-17,42.256519158829704
421,34.664133121310996,1.723994707068716e-22,9.592976219008072e-21,5.6851915822261996e-21,1.5184311650829502e-17,42.256519158829704
422,34.664133121310996,3.8786919327919114e-23,8.050946976766284e-21,5.5469618535270555e-21,1.4776412981975187e-17,42.256519158829704
423,34.664133121310996,3.811455330488197e-23,7.381497038079236e-21,5.2871041230902205e-21,1.4751116218618643e-17,42.256519158829704
424,34.664133121310996,3.467750783681677e-23,6.997227220989851e-21,5.22107760639026e-21,1.4401354428048147e-17,42.256519158829704
425,34.664133121310996,3.419583840086112e-23,6.591968421557436e-21,1.699317749969134e-21,1.4383096672399142e-17,42.256519158829704
426,34.664133121310996,3.403062199949204e-23,5.679419428855042e-21,1.6731676292238298e-21,5.921358535268416e-19,42.256519158829704
427,34.664133121310996,3.399861103781767e-23,5.52748319232823e-21,1.6726184956901095e-21,5.564604499980655e-19,42.256519158829704
428,34.664133121310996,3.3994201008598984e-23,5.448161133789168e-21,1.3762188204350372e-21,2.8355221441250256e-20,42.256519158829704
429,34.664133121310996,3.213095679263553e-23,5.202975584042861e-21,4.354512720056075e-22,2.0311053595401833e-20,42.256519158829704
430,34.664133121310996,2.756961475303647e-23,4.906510613303855e-21,1.6751681346067804e-22,1.982608405372199e-20,42.256519158829704
431,34.664133121310996,2.5481355084234876e-23,4.762755396661031e-21,6.381698990641919e-23,1.0404944093590522e-20,42.256519158829704
432,34.664133121310996,2.3664791637676244e-23,8.37928074948598e-22,5.798138541803675e-23,1.0096179016797136e-20,42.256519158829704
433,34.664133121310996,1.8119549647345783e-23,8.168428472846336e-22,5.236627566486918e-23,7.191214106285649e-21,42.256519158829704
434,34.664133121310996,1.4907079466467772e-23,7.936642947260527e-22,5.1281202166143257e-23,7.169664903808792e-21,42.256519158829704
435,34.664133121310996,1.4670418337016437e-23,7.353147275791982e-22,5.027758873795864e-23,1.5822401925252876e-21,42.256519158829704
436,34.664133121310996,4.228961305743896e-24,7.342275674385842e-22,4.6326102093444386e-23,1.558114328178861e-21,42.256519158829704
437,34.664133121310996,4.109841929093537e-24,6.876152763152004e-22,4.559616698500658e-23,1.5416914325040347e-21,42.256519158829704
438,34.664133121310996,4.069151653251342e-24,6.3362719049699575e-22,4.382064154076477e-23,1.478058589263083e-21,42.256519158829704
439,34.664133121310996,3.8483711801000355e-24,3.4975588980800096e-22,4.337945406305235e-23,1.4764195298861834e-21,42.256519158829704
440,34.664133121310996,3.676072791240727e-24,2.7189525332426476e-22,4.331786315793011e-23,1.46575755904185e-21,42.256519158829704
441,34.664133121310996,2.4023807075436267e-24,1.6841767043574623e-22,3.0616153203117858e-24,1.457608623301255e-21,42.256519158829704
442,34.664133121310996,1.688449069068694e-24,5.477790499453436e-23,2.7292532436583474e-24,7.973938917500065e-22,42.256519158829704
443,34.664133121310996,9.257004870877101e-25,5.199748989281276e-23,1.4368752288060955e-24,7.913601574161771e-22,42.256519158829704
444,34.664133121310996,6.931817541989925e-25,5.1023512706034713e-23,1.4104637161795128e-24,7.900380130113415e-22,42.256519158829704
445,34.664133121310996,2.713085816288913e-25,4.986181137096699e-23,1.3866817476428769e-24,7.884338046183931e-22,42.256519158829704
446,34.664133121310996,1.9661028445527054e-25,2.4900726425462803e-23,5.041878727409476e-25,7.850507974423323e-22,42.256519158829704
447,34.664133121310996,1.9352067826725577e-25,1.9580794993300525e-23,4.169075979710482e-25,7.848672247537098e-22,42.256519158829704
448,34.664133121310996,1.1093229101321221e-25,1.1753306186902047e-23,3.5762280741470584e-25,7.848311556564131e-22,42.256519158829704
449,34.664133121310996,7.78174486935817e-26,9.140592390371251e-24,3.5621841905167187e-25,7.83916939279627e-22,42.256519158829704
450,34.664133121310996,7.497228150386388e-26,7.165591319269953e-24,5.327647671614667e-26,7.83410724046557e-22,42.256519158829704
451,34.664133121310996,5.919101988680384e-26,5.711599744433952e-24,4.382319299562913e-26,7.788420684158945e-22,42.256519158829704
452,34.664133121310996,4.1624994047948946e-26,2.8751514869221526e-24,4.232558371059347e-26,7.787962062275726e-22,42.256519158829704
453,34.664133121310996,3.373885218145953e-26,2.7877387966836922e-24,2.2681068163972224e-26,7.787597792494714e-22,42.256519158829704
454,34.664133121310996,3.345650857187811e-26,2.0523179673820794e-24,1.8127739283131075e-26,7.694839209540077e-22,42.256519158829704
455,34.664133121310996,3.260113330354233e-26,5.623757782171952e-25,1.7886138608158072e-26,7.694839153180416e-22,42.256519158829704
456,34.664133121310996,3.2504249847957434e-26,4.693553481874425e-25,1.7727155450446898e-26,7.694806651748424e-22,42.256519158829704
457,34.664133121310996,2.9725476413166005e-26,4.203703609765247e-25,1.7601330692453702e-26,7.694806318683108e-22,42.256519158829704
458,34.664133121310996,2.7996179541529715e-26,2.734377498955749e-25,1.0874303551603408e-27,7.694564056874603e-22,42.256519158829704
459,34.664133121310996,2.632783772578918e-26,1.3299148404815711e-25,1.0565668095088095e-27,7.694563794691337e-22,42.256519158829704
460,34.664133121310996,1.2026605970976554e-26,6.777130289887249e-26,7.333428209070715e-28,7.694340941473989e-22,42.256519158829704
461,34.664133121310996,1.0518214848605013e-26,6.320123123808448e-26,4.820644861405174e-28,7.694340712793764e-22,42.256519158829704
462,34.664133121310996,7.950968379418563e-27,5.564484954159608e-26,6.233834221024358e-29,7.694340213656028e-22,42.256519158829704
463,34.664133121310996,3.45479394866864e-27,4.7916763468035165e-26,4.169273958818435e-29,7.694340053064842e-22,42.256519158829704
464,34.664133121310996,8.345504776212745e-28,3.9219443711539325e-26,3.1601086236998575e-29,1.586354872904275e-24,42.256519158829704
465,34.664133121310996,8.2576153982471e-28,3.27301210955932e-26,2.8618177082731596e-29,1.5609144141543387e-24,42.256519158829704
466,34.664133121310996,7.7618144648179035e-28,2.4743603295550832e-26,2.576756702059254e-29,1.5609131807859458e-24,42.256519158829704
467,34.664133121310996,7.749172313976682e-28,1.2238974301108271e-26,2.356800284694951e-29,1.5609131802036553e-24,42.256519158829704
468,34.664133121310996,6.27561050079484e-28,1.1861281506068428e-26,1.2896463441237227e-29,1.5603767897460087e-24,42.256519158829704
469,34.664133121310996,6.246385355523985e-28,9.346155772996994e-27,1.1257786817517812e-29,1.5603729050023678e-24,42.256519158829704
470,34.664133121310996,6.146297128769051e-28,9.323048716857023e-27,1.0860752836779043e-29,1.560372897423222e-24,42.256519158829704
471,34.664133121310996,6.101968857763421e-28,6.163980875034285e-27,1.0428840231544074e-29,1.5603725638072368e-24,42.256519158829704
472,34.664133121310996,6.10094785420636e-28,6.103565835004973e-27,1.00848545894646e-29,1.5603725547505605e-24,42.256519158829704
473,34.664133121310996,5.967229333568567e-28,5.98092131353978e-27,1.0072023973474651e-29,1.5603725534270758e-24,42.256519158829704
474,34.664133121310996,5.5644728227469335e-28,5.863285439558958e-27,9.588440591411194e-30,1.5603724735684139e-24,42.256519158829704
475,34.664133121310996,5.094494018548409e-28,5.84973583919976e-27,9.573032982863289e-30,1.5603724683989633e-24,42.256519158829704
476,34.664133121310996,5.092320942148887e-28,1.7102691668890443e-27,9.503163935826893e-30,3.511338138135891e-27,42.256519158829704
477,34.664133121310996,2.097996283483573e-28,9.12594048123503e-28,9.461775861853298e-30,8.058203711560259e-28,42.256519158829704
478,34.664133121310996,2.048884578588402e-28,2.191057930284451e-28,1.2630947369535764e-30,4.343033649970865e-28,42.256519158829704
479,34.664133121310996,1.1412259385819152e-28,1.4255954011421117e-28,1.2587290709476492e-30,4.342955249742596e-28,42.256519158829704
480,34.664133121310996,1.0944731793384272e-28,1.297956098805207e-28,1.242498472481065e-30,1.7422052635221308e-29,42.256519158829704
481,34.664133121310996,1.0896203634152252e-28,1.2832948733698988e-28,1.2241779884174864e-30,9.233613824561726e-31,42.256519158829704
482,34.664133121310996,1.0851141729894143e-28,1.2750417222578933e-28,4.969660683505176e-31,8.377517154017313e-32,42.256519158829704
483,34.664133121310996,4.6529364932670436e-29,1.041182704938793e-28,4.854382386479339e-31,1.958140677061103e-32,42.256519158829704
484,34.664133121310996,4.5774274729549415e-29,6.013199215565593e-29,4.853566879818954e-31,1.9572812399662717e-32,42.256519158829704
485,34.664133121310996,2.4334299866759727e-29,5.952627316958637e-29,1.5851301910438932e-32,1.9570476112122595e-32,42.256519158829704
486,34.664133121310996,2.4243340714560804e-29,5.227117923621323e-29,1.1885987147695195e-32,1.9570368932600335e-32,42.256519158829704
487,34.664133121310996,2.4183508926610048e-29,7.777064607462734e-30,1.1416506946162328e-32,2.07495958450463e-33,42.256519158829704
488,34.664133121310996,2.4064827758490134e-29,7.54478370800426e-30,1.1171491488608338e-32,2.0743590635016467e-33,42.256519158829704
489,34.664133121310996,2.3994357465269765e-29,7.495634934200412e-30,9.640072094383774e-33,2.0743483909850065e-33,42.256519158829704
490,34.664133121310996,2.3962245689293732e-29,5.368174810782018e-30,9.634756192123142e-33,2.0742521948143387e-33,42.256519158829704
491,34.664133121310996,1.6184362159156504e-29,4.529588068506697e-30,9.629592642782825e-33,2.074248466085455e-33,42.256519158829704
492,34.664133121310996,1.5365316410669334e-29,3.1963079792751186e-30,9.621869393388155e-33,3.0893323997291238e-34,42.256519158829704
493,34.664133121310996,1.3733866331708448e-29,2.972347429915494e-30,9.617113473045435e-33,2.8292033355987388e-34,42.256519158829704
494,34.664133121310996,2.6450023105224913e-30,2.5818489822504724e-30,9.617095684458968e-33,2.7098135504091483e-34,42.256519158829704
495,34.664133121310996,2.5580985809566774e-30,2.5091309122362226e-30,9.616467194852779e-33,2.709548912897832e-34,42.256519158829704
496,34.664133121310996,1.3615536938815104e-30,2.242774201097485e-30,9.616411825968495e-33,1.582572870645863e-35,42.256519158829704
497,34.664133121310996,5.332431463138013e-31,2.2398338824208326e-30,9.616041621167366e-33,1.4921178696778674e-35,42.256519158829704
498,34.664133121310996,3.7845079812885387e-31,2.239725799413995e-30,2.2248261741072976e-33,1.4919943198582475e-35,42.256519158829704
499,34.664133121310996,3.451958446610239e-31,1.501657052107511e-30,1.4097253109065295e-35,8.224261395057866e-36,42.256519158829704
500,34.664133121310996,3.383829754689777e-31,1.2369478063561668e-30,1.3160092475049622e-35,8.22059149805523e-36,42.256519158829704